{"Train Loss": 0.06529566111350928, "_timestamp": 1719726261.7288315, "_runtime": 101.9905595779419, "_step": 1, "Test Loss": 0.06189873019854228, "_wandb": {"runtime": 103}}