{"Train Loss": 0.06562649525244142, "_timestamp": 1719726130.8906274, "_runtime": 99.4743173122406, "_step": 1, "Test Loss": 0.06147068283624119, "_wandb": {"runtime": 100}}