{"Train Loss": 0.04339577696946155, "_timestamp": 1719726446.9248426, "_runtime": 99.87491750717163, "_step": 1, "Test Loss": 0.039010603725910184, "_wandb": {"runtime": 100}}