{"Train Loss": 0.026081817462017723, "_timestamp": 1719727120.7610037, "_runtime": 100.35969662666321, "_step": 1, "Test Loss": 0.023186841503613526, "_wandb": {"runtime": 101}}