{"Train Loss": 0.038740719718133365, "_timestamp": 1719726704.3743367, "_runtime": 100.56674981117249, "_step": 1, "Test Loss": 0.03508184684647454, "_wandb": {"runtime": 101}}