{"Train Loss": 0.04183328716235668, "_timestamp": 1719726568.5920215, "_runtime": 100.10909843444824, "_step": 1, "Test Loss": 0.03954507652670145, "_wandb": {"runtime": 101}}