{"Train Loss": 0.03297107243592165, "_timestamp": 1719726988.9498415, "_runtime": 100.88955450057983, "_step": 1, "Test Loss": 0.03046085834503174, "_wandb": {"runtime": 102}}