{"Train Loss": 0.0324303784018972, "_timestamp": 1719726870.9355266, "_runtime": 99.3492956161499, "_step": 1, "Test Loss": 0.028218021625394208, "_wandb": {"runtime": 100}}