{"Train Loss": 0.06797880945758447, "_timestamp": 1719726004.669333, "_runtime": 108.41991400718689, "_step": 1, "Test Loss": 0.06077163840333621, "_wandb": {"runtime": 108}}